<?xml version="1.0" encoding="UTF-8"?>
    <addon id="repository.y0m0-KODI" name="y0m0 Kodi repository" version="1.0.0" provider-name="y0m0">
        <requires>
            <import addon="xbmc.addon" version="12.0.0"/>
        </requires>
        <extension point="xbmc.addon.repository" name="y0m0 Kodi repository">
            <info compressed="false">https://raw.githubusercontent.com/y0m0/kodi-repo/_/addons.xml</info>
            <checksum>https://raw.githubusercontent.com/y0m0/kodi-repo/_/addons.xml.md5</checksum>
            <datadir zip="true">https://raw.githubusercontent.com/y0m0/kodi-repo/_/</datadir>
            <hashes>false</hashes>
        </extension>
        <extension point="xbmc.addon.metadata">
            <summary>KODI repository</summary>
            <description>KODI repository</description>
            <platform>all</platform>
    </extension>
</addon>