<?xml version="1.0" encoding="UTF-8" standalone="yes"?>
<addon id="plugin.y0m0.repository" name="y0m0 Kodi repository" version="1.0.0" provider-name="y0m0">
    <extension point="xbmc.addon.repository" name="y0m0 Kodi repository">
        <info compressed="false">https://raw.githubusercontent.com/y0m0/kodi-repo/master/addons.xml</info>
        <checksum>https://raw.githubusercontent.com/y0m0/kodi-repo/master/addons.xml.md5</checksum>
        <datadir zip="true">https://raw.githubusercontent.com/y0m0/kodi-repo/master/addons/</datadir>
        <hashes>false</hashes>
    </extension>
    <requires>
        <import version="2.14.0" addon="xbmc.python"/>
    </requires>
    <extension point="xbmc.addon.metadata">
        <website><![CDATA[https://github.com/y0m0/kodi-repo/]]></website>
        <source><![CDATA[https://github.com/y0m0/kodi-repo/]]></source>
        <language>English</language>
        <licence><![CDATA[GNU GENERAL PUBLIC LOCENCE. Version 3, 29 June 2007]]></licence>
        <summary>y0m0 repository</summary>
        <description>Download, update and install y0m0 Repository.</description>
        <disclaimer>
            The Software is provided "as is" without warranty of any kind, either express or implied, including without limitation any implied warranties of condition, uninterrupted use, merchantability, fitness for a particular purpose, or non-infringement.
            y0m0 and anyone associated with these addons will not be held responsible for the use or misuse of this software if considered illegal in your country.  Use of this software is at your own risk.
        </disclaimer>
        <platform>all</platform>
    </extension>
</addon>